[{"Header":"INV_TRANSFER_DETAIL","Items":"INV_IQC_HEADER","ConnectionConditions":["BILL_NO=VOUCHER_NO","BILL_NO=BILL_NO","SEQ=VOUCHER_SEQ"]},{"Header":"INV_TRANSFER_DETAIL","Items":"INV_TRANSFER_HEADER","ConnectionConditions":["BILL_NO=BILL_NO","ORG_ID=ORG_ID"]},{"Header":"INV_TRANSFER_DETAIL","Items":"SFC_MITEM","ConnectionConditions":["MITEM_CODE=MITEM_CODE"]},{"Header":"INV_TRANSFER_DETAIL","Items":"ERP_PURCHASE_ORDER_DTL","ConnectionConditions":["PO_BILL_NO=BILL_NO","PO_BILL_LINE_SEQ=SEQ"]}]